0:00:01.208			20 120 140
0:00:02.208			MPH
0:00:12.041		5530-87	
0:00:18.041		BC EM EN	
0:00:26.040		95308	
0:00:27.040		553D-87 WATER out - WONDERLARE	
0:00:38.164		Burtea LA	
0:00:39.039		Burtes BY RIGHT LORD	
0:00:52.037			HOPPE
0:00:52.039		Gantos HOPPE	
0:00:53.038		Gantos SHOPPE PLA	
0:00:53.205			PLAZA SHOPPE
0:00:54.039		Gantos PLAZA SHOPPE	
0:00:56.038		Gantes PLAZA SHOPPE	
0:00:57.038		Gantos PLAZA SHOPPE	
0:00:58.996		Gantos- PLAZA SHOPP	
0:00:59.038		Gantos PLAZA SHOUPE	
0:01:12.078		playtope 1200 VOLUME CHANNEL 2	
0:01:12.204			CHANNEL VOLUME
0:01:12.973		playtope 1200 VOLUME CHANNE 2	
0:01:18.077		Under $2000 batteries not included IPOID	
0:01:18.204			batteries not included
0:01:18.973		Under $2000 batteries not included	
0:01:20.077		playtoape VOLUME 0014 Fantabulous 1 2 Where Did Our Baky Lave Love Go! Nothing But Heartaches The Stop to Love : of have NOHA I 554	
0:01:20.203			0014 554 VOLUME FROM ALBUM
0:01:20.994		NOW THE FROM ALBUM 554 playtoape 1200 CHANN VOLUME 2	
0:01:21.203			CHANN
0:01:22.077		3	
0:01:24.994		playbape 1200 /	
0:01:26.077		playbape 1200 - - -	
0:01:26.993		playbape 1200 -	
0:01:30.076		playbape 200 &	
0:01:30.979		playbape 200 - - a	
0:01:31.994		I playbape 1200 - - E	
0:01:38.076		Sears	
0:01:41.034		playespe 1200 -	
0:01:42.076		Sears	
0:01:42.202			Sears
0:01:42.992		playbape (200 - - Sears	
0:01:46.992		- Any	
0:01:52.075		playeape 200 - - -	
0:01:54.992		Music studio produced.	
0:01:55.201			Music studio produced.
0:01:55.993		Music studio produced.	
0:02:14.762		OFF	
0:02:18.783		H	
0:02:22.782		SSPOR	
0:02:23.074			ISA 07-11
0:02:24.907		TSA-7-11 000050 HOLLINGERM CAMERA	
0:02:25.782		13A-7-11 HIGH DEFIBITION DAMERA USE 127 FILM	
0:02:26.200			USE 127 FILM
0:02:49.781		ICE CREAM	
0:02:50.781		E CREAM	
0:02:51.771		CREAM	
0:02:56.781		Sears film and batteries extra	
0:02:57.198			Sears film and batteries extra
0:02:57.770		Sears film and batteries extra	
0:03:55.985		<<<<<<<<< IIIIIIIIIII DRIVER	
0:03:57.943		RCA Victor Color TV with Permachrome	
0:03:58.026			RCA Victor Color TV with Permachrome
0:03:58.984		RCA Victor Color TV with Permachrome RCA Victor Color TV with Permachrome	
0:03:59.985		RCA Victor Color TV with Permachrome	
0:04:10.067		SINGER bale a non	
0:04:10.193			SINGER
0:04:14.067		Ale BR	
0:04:17.024		SINCER -	
0:04:18.983		Free Gift Worth upto #49	
0:04:19.192			Free Gift
0:04:20.066		Free Gift Worth up to $49	
0:04:20.983		Free Gift Worth upto $49	
0:04:21.192			up to
0:04:22.066		Gift Free Worth up to $49	
0:04:23.983		SINGER S - -	
0:04:24.984		3456	
0:04:30.983		FREE LOVES	
0:04:32.066		SINGER Twin Six FREE	
0:04:32.192			FREE
0:04:32.982		SINCER has 1 FREE	
0:04:34.982		FREE	
0:04:35.129			FREE
0:04:36.065		FREE	
0:04:36.192			FREE
0:04:36.982		FREE SINGER - the	
0:04:46.981		n	
0:04:48.064		a	
0:04:57.981		AT YOUR SINGER CENTER NOW!	
0:04:58.022			AT YOUR SINGER CENTER
0:04:58.981		AT YOUR SINGER CENTER NOW!	
0:04:59.064			NOW!
0:05:01.731		Sears	
0:05:02.189			Sears
0:05:02.689		Sears	
0:05:07.189			Sears
0:05:10.689		Sears	
0:05:13.189			Sears
0:05:13.731		Sears	
0:05:50.188			Sears Back to School prices
0:05:50.729		Sears Back to School from	
0:05:52.729		Sears Back to School from prices 528	
0:05:57.187			Sears
0:05:57.728		Sears	
0:06:02.894		the	
0:06:03.894		Klingman's	
0:06:41.865		MANS	
0:06:45.865		NEW	
0:06:47.865		NEW KLONGME	
0:06:48.892		NEW	
0:06:50.892		KONGAN	
0:06:51.864		NEW NZDEGZ-FR	
0:06:53.864		NEW N2P302-FR	
0:06:54.892		KONGAN	
0:06:55.864		NEW XJ-20ECZW	
0:06:56.891		KONGAN	
0:06:57.864		NEW XJ-20EAZW	
0:06:57.933		NZP302-PR	
0:06:59.864		NEW KLONGA	
0:06:59.976		XJ-2084ZW	
0:07:13.975		ARE If	
0:07:29.974		TEAM IMPORTANT you I a I I	
0:07:30.973		was IMPORTANT I of I	
0:07:34.973		SEARS HUMIDISTAT - AL COMME - REGARDING Two 4: ALWAYS BEEN the MODE NUMBER 14 MODEL NO	
0:07:35.182			SEARS
0:07:35.973		SEARS HUMIDISTAT - ALI CORRESPONDE REGARDING Take - ALWAYS MEN 100 MODE NUMBER 54 - MODEL NO	
0:07:36.972		SEARS HUMIDISTAT IN ALI CORPS SPORTS - REGARDING Tax SURT A WAYS MENTES MODE NUMBER MODEL NO 54	
0:07:37.973		SEARS HUMIDISTAT IN AL REGARDING Twis LA MENTION ALWAYS MODE NUMBER SE MODEL NO	
0:07:38.972		SEARS HUMIDISTA IN ALL COMPANY REGARDING Twis APP ALWAYS MENT MODEL NUMBER LA was MODEL NO	
0:07:39.973		SEARS HUMIDISTAT IN ALL CORRESPONDE REGARDING THE ALWAYS MINIST MODEL NUMBER MODEL NO ..	
0:07:41.055		a IMPORTANT THE -	
0:07:41.973		IMPORTANT	
0:07:42.972		IMPORTANT the	
0:07:43.181			IMPORTANT
0:07:43.973		IMPORTANT	
0:07:44.972		HEARS IMPORTANT THE	
0:07:45.973		IMPORTANT the - W	
0:07:46.971		IMPORTANT TEXA	
0:07:47.972		IMPORTANT -	
0:07:48.013			IMPORTANT
0:07:48.971		IMPORTANT | 20%	
0:07:49.972		PRASE IMPORTANT the	
0:07:50.971		SEA IMPORTANT TEXA	
0:07:51.972		IMPORTANT NEW ego	
0:07:52.971		IMPORTANT NIKE	
0:07:53.972		IMPORTANT the	
0:07:54.013			IMPORTANT
0:07:54.971		IMPORTANT HT	
0:07:55.972		.... IMPORTANT	
0:07:56.958		Sears	
0:07:57.055			Sears
0:07:57.929		Sears	
0:08:48.947		/ - - - or - I YORK MUSIC ARA Was Condition	
0:08:52.051		- - - DES I - 1 BAR Hour California	
0:08:58.051		Sears	
0:08:58.177			Sears
0:08:58.954		Sears	
0:09:12.760		g	
0:09:22.759		10 a on 	
0:09:45.798		Ko	
0:09:54.799		Hanp	
0:09:55.778		terp	
0:09:56.798		Henp	
0:09:58.798		thenpe	
0:09:58.964		temp	
0:09:59.965		Henpe with	
0:10:00.964		therps	
0:10:02.964		temp	
0:10:04.005		of erp	
0:10:13.965		RCAVICTOR	
0:10:15.964		ACAVICTOR	
0:10:16.963		RCAVICTOR	
0:10:17.964		ACAVICTOR	
0:10:19.964		PCAVICTOR	
0:10:20.964		RCAVICTOR	
0:10:21.172			RCAVICTOR
0:10:21.964		RCAVICTOR	
0:10:25.047			RCAVICTOR
0:10:30.004			MA
0:10:30.962		WATER 2	
0:10:31.963		PITER 2	
0:10:36.171			JUPITER
0:10:36.962		N JUPITER 2	
0:10:37.963		JUPITER 2	
0:10:41.129		DUTC MATTEL JUPITER 2	
0:10:41.171			MATTEL
0:10:41.963		DUNC MATTEL JUPITER 2	
0:10:42.963		at	
0:10:43.046			at
0:10:44.088		and only at	
0:10:44.130			and only at
0:10:44.962		Sears	
0:10:45.171			Sears
0:10:46.045		Sears	
0:11:02.128		UPERGUY A	
0:11:02.170			UPERGUY
0:11:05.128		A A M SUPERGUY	
0:11:05.170			SUPERGUY
0:11:07.169		AM G ESPEROU	
0:11:08.211		A MM SUPERGU	
0:11:09.169		A M A UDEAGU	
0:11:10.002			AM
0:11:10.211		A MM SUPEROU	
0:11:35.335		T.N.T.	
0:11:36.169			T.N.T.
0:11:37.292		T.N.T.	
0:11:42.001			T.N.T.
0:11:42.210		T.N.T.	
0:11:44.001			PERGUY
0:11:44.210		A M UPERGUY	
0:11:45.064			T.N.T.
0:11:45.167		T.N.T.	
0:11:46.210		SOUTH T.N.T.	
0:11:51.167		M A A SUPERGUY	
0:11:51.168			UPERGUY
0:11:52.209		M A A UPERGUY	
0:11:53.167		A M A UPERGUY	
0:11:53.168			SUPERGUY
0:11:54.209		A M A SUPERGUY	
0:12:04.958		A A M UPERGUY	
0:12:08.041		y M SUPERGU	
0:12:08.957		A M SUPERGUY	
0:12:10.041		SUPE	
0:12:11.958		A M A UPERO	
0:12:14.957		A M by UPERGU	
0:12:18.957		LVP 474	
0:12:19.999			LVP 47
0:12:20.957		PICTURE LVP 474	
0:12:24.957		A A M SUPERGUY	
0:12:25.166			SUPERGUY
0:12:25.957		A A M SUPERGUY	
0:12:26.957		TERAS 69 LVP-474	
0:12:27.957		VP-474	
0:12:35.957		A	
0:13:30.953		Homestead rouse	
0:13:31.162			Homestead House
0:13:31.954		Homestead House	
0:13:32.953		House LAKEWOOD	
0:13:33.162			LAKEWOOD
0:13:33.953		ouse LAK REWOOD EAST DENVER	
0:13:34.952		mouse LAKEWOO EAST DENVER	
0:13:35.162			EAST DENVER
0:13:35.953		LAKEWOOD 6 EAST DENVER LITTLETON	
0:13:35.994			ITTLETON
0:13:36.953		EAST DENVER	
0:13:42.036		Lane's	
0:14:37.200		FURNITURE	
0:14:38.200		Lane's	
0:14:48.159			IT'S A sTar
0:14:48.200		IT'S A STar SPANGLED	
0:14:49.178		SOLE & THO N	
0:14:50.159			SINGER
0:14:50.200		SINGER	
0:14:51.158			SAVE
0:14:51.199		SAVE	
0:14:54.158			THE SINGER COMPANY
0:14:54.200		THE SINGER COMPANY	
0:14:56.158			save
0:14:56.200		save $ 50	
0:14:57.144			$50
0:14:57.200		save $50 $ SINGER $ -	
0:14:58.200		save $50 $ SINGER $	
0:14:59.158			$50
0:14:59.199		save $50 $ SINCER $ -	
0:14:59.907		save $ $50 SINGOR $ -	
0:15:00.948		SINGER S - -	
0:15:01.158			SINGER
0:15:02.032		SINGER S - -	
0:15:02.948		FINE 15 10 . SINGER S Touch & Sew MODEL GOOD	
0:15:10.948		YeH!YeH!	
0:15:12.031		RU	
0:15:14.031		SINGER S	
0:15:18.989		SINGER	
0:15:19.156			SINGER
0:15:25.156			99
0:15:27.988		THE SINGER COMPANY	
0:15:28.156			THE SINGER COMPANY
0:15:28.948		COMPANY	
0:15:29.947		just ex	
0:15:32.947		IT'S A STar	
0:15:33.156			IT'S A sTar
0:15:33.948		Sale-a THON N	
0:15:34.947		SINGER	
0:15:35.156			SINGER
0:16:10.195		SEARS ROEBUCK - CO - you - Bun - - - FREE REARING TEST - - -	
0:16:11.070		SEARS ROFBUCK - 8 DO FOR - - - - - FREE HEARING TEST - - have	
0:16:23.069		Modest Price	
0:16:23.153			Modest Price
0:16:24.069		Modest Price	
0:16:26.069		Modest Price Charge it at Sears	
0:16:26.153			Charge it at Sears
0:16:40.193		Satisfaction Guaranteed	
0:16:41.152			Satisfaction
0:16:42.151		HEARING AID DEPT. at Sears	
0:16:43.152			Sears at HEARING AID DEPT.
0:16:44.067		HEARING AID DEPT. at Sears	
0:16:49.068		9358F	
0:16:58.025		935BF	
0:17:02.066		CAROLINE SMITH	
0:17:03.066		SM	
0:17:09.066		8358F	
0:17:19.065		135BF	
0:17:20.065		BR58F	
0:18:09.062		NFL Browns - PHILABELPHIA EAGLES - -	
0:18:10.187		- NFL Browns national fastball PHILADELPHIA EAGLES - - THE - - LARK Timone - - - - - - - - insured  del TARK I ILLUST	
0:18:11.062		NFL - national Browns Neothell Happy PHILADELPHIA EAGLES - the - - I - - - - - - happy TARKY HARK I L L U S T	
0:18:12.187		- NFL Browns - PHILADELPHIA - - IS EAGLES - - Normal - I - and & - - dreamstime Basse Support ARAX TARK ILLUSTR	
0:18:13.061		- NFL Browns National football PHILADELPHIA - EAGLES - and - - - ! - - - - - Hamber - ARRA TARK ILLUSTR	
0:18:13.146			PHILADELPHIA EAGLES
0:18:14.187		- NFL Browns national PHILADELPHIA EAGLES - Images - 1 - - - - - I when - ARMS TARK ILLOSTE	
0:18:15.061		- NFL Browns national feedball PHILADELPHIA EAGLES - Images - - - 1 - - - is - charceal - happy ARAB TARK XLLUSTR	
0:18:16.187		- NFL Browns - Images PHILADELPHIA SVB EAGLES - - done - I 1 - - - - F chambed - - ARA LARK ILLUSTR	
0:18:17.061		- NFL Browns National Institute Images PHILADELPHIA - EAGLES - - - - 1 good - charmoni - - - - AHA LARK ILLUSTR	
0:18:18.187		- NFL Browns national feetball longes PHILADELPHIA - - EAGLES - an them - I ! - - - des charoos - ARES TARK ILLUSTR	
0:18:19.061		- NFL Browns - I Images PHILADELPHIA - EAGLES - - - - I - - - - - Tente ANA - - / TAHK ILLUST	
0:18:20.062		NFL National Browns Images - PHILADELPHIA - EAGLES - - - - - - - - observed - - ARA TARK ILLUSTH	
0:18:28.186		19	
0:18:36.060		sears Aprica	
0:18:36.144			sears
0:18:37.060		sears optical	
0:18:37.144			optical
0:18:38.060		sears optical	
0:18:47.059		- - UP - - SIMMONS if - - - .. H Themasrille KROEHLER - PURATIONAL - - - CONTINUE -	
0:18:47.143			UP KROEHLER
0:18:48.185		N - UP THE V - - / SIMMONS / - P - - Thomasoille shortung KROEHLER 11 die FURNITURE - - - Cream	
0:18:49.059		- - UP one - SIMMONS / - - - - - - Thomasrille IF KROEHLER - FURNITURE - - Coston	
0:18:49.975			UP
0:18:50.185		- - UP - - - . a / SIMMONS / who Thomasrille KROEHLER IS UM ENCTURE RUS - Cannot Creamed	
0:18:51.059		- - UP 1999 .. - I SIMMONS - Designs Thomasrille KROEHLER in SAITURE - - - Creamed -	
0:18:51.143			KROEHLER
0:18:52.185		. el UP 254 THE sa - / SIMMONS / Thomascille KROEHLER one FORMITURE und - Custom Crafted	
0:18:55.975			Bassett
0:18:56.184		Bassett - - - - - Levitz Bassett - . TRUCK FROM OTHER SIDE! THE STACK UNIT PECAN FIRST BERI - - - - - FURNITURE i FRAGAL - OF - -	
0:18:57.059		Bassett - - - - - Levitz Bassett - - . TRUCK FROM OTHER SIDE THE  FIRST BER - - FRENCE FRADALE - with a - -	
0:18:57.143			ER
0:18:58.142		Bassett M - - - - Lavitz E Lavit	
0:18:59.058		Levitz	
0:18:59.892		WINNO Levitz HEYWOOD- WAKEFIELD MW ID	
0:19:00.933		00 NOT DROP UP FURNITU FILABILE HANDLE Levitz SIMMONS S FREE The have IN SLIEP I DIXIE UP FURNITURE masville FRAGILE. HANDLE WITH GARY STRO PART NO. RE INDUSTRIES INC sville, North Careline KROEHLER	
0:19:00.996			UP KROEHLER SIMMONS S FURNITURE masville PART NO.
0:19:01.934		00 NOT DROP UP FURNITU Levitz Good FIABLE HANDLE IMMONS 1 and this in 3.477 case I DIXIE UP FURNITURE masville FRAGILE HANDLE WITH CART a STRO PART NO. URE INDUSTRIES INC. sville, North Careline KROEHLER	
0:19:02.892		489	
0:19:04.933		OPEN Levitz HEYWOOD- WAKERIELD H BLU GAPLE	
0:19:05.933		OPEN the	
0:19:09.934		- - UP - IMMONS 1 - the FURNITURE - - - - - Them BERRLINE a	
0:19:10.932		Lavity Baseets - TALUCH FROM OTHER SUDE the BERALINE i CO a - - - - Levit ART	
0:19:10.996			ERKLINE
0:19:11.933		- - UP - MMONS I - US FURNITURE - - - - Themaseille K BERKLINE DO ARDEHLER - - -	
0:19:12.932		- - UP - I SIMMONS I .. can - - with - - - Themasrille KROEHLER BERRLINE HER KADENLER - - - - - t	
0:19:13.933		1 BERKLINE ANGELLER	
0:19:14.932		MAST E SN BAS	
0:19:15.933		LAS SN ni - in	
0:19:16.932		BAR NX ... with	
0:19:17.974		... NN 01-m	
0:19:18.912		00 NOT DROP UP FURNITU FRAGILE Levitz I I and DEXIE DE UP FURNITURE masville FRAGILE. HANDLE WITH CARI 0.4 STRO PART NO. RE INDUSTRIES INC avilla North Corolina KROEHLER	
0:19:19.016			UP KROEHLER FURNITURE masville
0:19:21.933		present Levity	
0:19:22.932		area Levity File	
0:19:23.933		UP FURNITURE FRAGILE HANDLE WITH CARE 1201G-7506 G HEYWOOD- WAKEFIELD HW EST. 1826 GARDNER, MASS.	
0:19:23.974			UP FURNITURE HEYWOOD WAKEFIELD EST. 1826 GARDNER, MASS
0:19:24.911		UP FURNITURE FRADILE HANDLE WITH CARE @MG-7506 G HEYWOOD- WAKEFIELD HW EST.1826 ARDKER MASS	
0:19:25.933		SIMMONS FURNITURE - - - - - the C KROEHLEK - Baix - - KROEHLER	
0:19:26.932		SIMMONS FURNITURE - - - - - PRA - D - DE - HACCO KROEHLER  FOR - - Country -	
0:19:27.932		/ SIMMONS FUENITURE - - - - - - - a E farty KROEHLEN - - - Baix - KROEHLER and - -	
0:19:28.931		ASI Baix	
0:19:30.057		HEYWOOD- WAKEFIELD NW	
0:19:35.932		Famous Name Furnishings ARE ALWAYS LESS	
0:19:35.973			ARE ALWAYS LESS
0:19:36.931		Famous Name Furnishings ARE ALWAYS LESS	
0:19:39.932		AT 28th AVENUE WEST INDIAN SCHOOL	
0:19:39.973			WEST INDIAN SCHOOL AT 28th AVENUE
0:19:40.931		Levitz AT 28th AVENUE WEST INDIAN SCHOOL	
0:19:41.140			WEST INDIAN SCHOOL AT 28th AVENUE
0:19:41.932		Lavita WEST INDIAN SCHOOL AT 28th AVENUE	
0:19:47.931		Bigelo	
0:19:58.930		Easter Wrapt I ! I I I I I as	
0:20:40.927		Levitz WEST INDIAN SCHOOL AT 28th AVENUE	
0:20:41.136			WEST INDIAN SCHOOL AT
0:20:41.928		Levita WEST INDIAN SCHOOL AT 28th AVENUE	
0:20:42.927		Lavits WEST INDIAN SCHOOL AT 28th AVENUE	
0:20:43.136			WEST INDIAN SCHOOL AT 28th AVENUE
0:20:58.926		AUTOMATIC	
0:20:59.136			AUTOMATIC
0:21:05.927		SPEED LIMIT 50 NIGHT 45 -	
0:21:05.968			50 45 SPEED LIMIT NIGHT
0:21:06.926		SPEED LIMIT 50 NIGHT 45 -	
0:21:07.927		SPEED LIMIT 50 NIGHT 45 adidas	
0:21:12.926		AUTO	
0:21:16.925		g	
0:21:17.926		32.9	
0:21:21.926		K .. a LIQUID 28 -	
0:21:21.967			28
0:21:23.926		Blessing - Our SHELL LA	
0:21:23.967			SHELL
0:21:24.925		Service de Our Butters SHELL I J'	
0:21:25.926		Sunace . Ow Business SHELL	
0:21:26.925		Service - Our Butters SHELL	
0:21:27.925		NITURE |	
0:21:28.924		NITURE	
0:21:31.925		HITURE	
0:21:40.925		Levitz direct to you WAREHOUSE ENTRANCE AUTOMATIC	
0:21:41.132			AUTOMATIC WAREHOUSE ENTRANCE
0:21:41.924		Levitz direct to you WAREHOUSE ENTRANCE AUTOMATIC	
0:21:42.923		Levitz direct to you WAREHOUSE ENTRANCE AUTOMATIC AUTOM	
0:21:43.133			AUTOMA
0:21:43.924		Levitz direct to - WAREHOUSE ENTRANCE AUTOMATIC AUTOMATIC	
0:21:45.924		Levitz WEST INDIAN SCHOOL AT 28th AVENUE	
0:21:45.965			WEST INDIAN SCHOOL AT 28th AVENUE
0:21:46.923		Lavita WEST INDIAN SCHOOL AT 28th AVENUE	
0:21:47.133			WEST INDIAN SCHOOL AT 28th AVENUE
0:21:47.924		Levitz WEST INDIAN SCHOOL AT 28th AVENUE	
0:22:08.922		$10.99	
0:22:09.131			$10.99
0:22:09.923		$10.99	
0:22:10.922		$10.99 each pair $19.99	
0:22:11.131			$10.99 each pair $19.99
0:22:11.923		$10.99 each pair $19.99	
0:22:41.921		14 PIECE OUTFIT $4.99	
0:22:41.961			$4.99
0:22:42.920		14 PIECE OUTFIT $4.99	
0:22:43.129			4.99 14 PIECE OUTFIT
0:22:43.920		14 PIECE OUTFIT $4.99	
0:22:44.920		AMBIEND deserves	
0:22:45.920		$10.99 each deserves pair $19.99	
0:22:46.919		$10.99 each Auto AMIANA pair $19.99	
0:22:47.920		$10.99 each Awa pair $19.99	
0:22:48.919		$10.99 each BWW JAMBAAS pair $19.99	
0:22:49.097			$10.99 each
0:22:49.960		SEARS ROEBUCK AND CO.	
0:22:50.003			SEARS ROEBUCK AND CO.
0:22:50.920		and only at	
0:22:51.003			and only at
0:22:51.960		SEARS ROEBUCK AND CO.	
0:22:52.128			SEARS ROEBUCK AND CO.
0:22:52.919		SEARS ROEBUCK AND CO.	
0:23:18.668		Sean - -	
0:23:20.668		fran -	
0:23:22.751		...... " ..... and salp ** Senza  learn ...	
0:23:23.709		14 ..... ... BASE is	
0:23:24.668		60 Jeeps and only of Suara JA Sears and said 	
0:23:25.668		" ... only as learn A Seora and said DE no	
0:23:31.667		DEBA	
0:23:39.666		I	
0:23:50.666		leas -- $16.99	
0:23:51.125			$16.99
0:23:51.666		Seoul - - $16.99	
0:23:52.666		I  - $16.99	
0:23:53.665		x	
0:23:54.666		AN Sears ... ...	
0:23:55.654		as Seats ...	
0:23:55.999			at
0:23:56.644		SEARS ROEBUCK AND CO.	
0:23:56.999			and only at
0:23:57.665		and only at	
0:23:58.124			SEARS ROEBUCK AND CO.
0:23:58.665		SEARS ROEBUCK AND CO.	
0:24:02.873		JAMES BOND 007 ROAD RACE LE MANS START - DAD NARROWS Buk	
0:24:03.123			LE MANS START
0:24:03.873		JAMES BOND 007 ROAD RACE LE MANS START . DAD NARROWS the GEL	
0:24:04.914		JAMES BOND 007 ROAD RACE LE MANS START .... OAD NARROWS SOMBIA RULL	
0:24:05.124			NAR
0:24:05.873		I	
0:24:08.894		DANGER	
0:24:09.019			DANGER
0:24:09.997		DANGER	
0:24:10.124			DANGER
0:24:12.914		JAMES BOND 007	
0:24:19.039		ROAD REPAIRS AMEAO	
0:24:19.123			REPAIRS
0:24:19.914		ROAD REPAIRS AMEAD	
0:24:21.914		... - REPAIR -	
0:24:22.913		JAMES BOND 007 A040 BACH If MAXI START -	
0:24:23.914		JOHNS BOND 007 ROAD MADE - 1.R MANS START	
0:24:24.913		JAMES BEND 007 ROAD RACE - if MANI START	
0:24:25.914		JAMKS BOND 007 ROAD RACE u MANE START	
0:24:26.913		JAMES BOND 007 ROAD RACE LE MANS START	
0:24:27.914		- BOND 007 ROAD RACE - a MANS START -	
0:24:28.913		JUMES BOND 007 ROAD RACE LA MANS START -	
0:24:31.914		JAMES BOND 007	
0:24:32.912		PASS ROAD NARROWS WITH CARE	
0:24:33.122			PASS CARE
0:24:33.996		9P a PASS ROAD NARROWS WiTH CARE	
0:24:35.996		DANGER BRIDGE OUT	
0:24:36.122			BRIDGE OUT
0:24:36.912		DAMOTE BRIDGE nut	
0:24:37.913		BANDAS JUMP METER	
0:24:40.912		SLIPPERY	
0:24:55.912		$34.95	
0:24:55.953			$34.95
0:24:56.911		$34.95	
0:24:58.911		SEARS ROEBUCK AND CO.	
0:24:59.120			SEARS ROEBUCK AND CO.
0:24:59.994		SEARS ROEBUCK AND CO.	
0:25:00.912		and only at	
0:25:01.016			and only at
0:25:01.994		SEARS ROEBUCK AND CO	
0:25:02.120			SEARS ROEBUCK AND CO.
0:25:02.911		SEARS ROEBUCK AND CO.	
0:25:29.910		a	
0:25:31.992		nin	
0:25:33.992		FIA	
0:25:34.909		1	
0:25:37.992		 Lando	
0:25:38.908		Sin has	
0:25:40.908		 L	
0:25:41.991		La	
0:25:50.907		are SEARS not	
0:25:51.117			SEARS
0:25:51.908		SEARS	
0:25:56.907		OT SEARS	
0:25:57.990		LOBPOT SEARS	
0:25:58.907		Collection SEARS	
0:25:59.782		50.1 Danor $29.99	
0:26:00.116			$29.99
0:26:00.823		ALCOHOT $29.99	
0:26:01.782		U.S.N $29.99	
0:26:02.824		SEARS ROEBUCK AND CO.	
0:26:03.075			SEARS ROEBUCK AND CO.
0:26:03.782		and only at	
0:26:04.116			and only at
0:26:04.823		SEARS ROEBUCK AND CO	
0:26:05.116			SEARS ROEBUCK AND CO.
0:26:05.803		SEARS ROEBUCK AND CO.	
0:26:38.821		What	
0:26:39.794		$21.99	
0:26:41.790		PALLSTATE SET 6t DATE - 34:4 -	
0:26:42.114			ALLSTATE
0:26:42.821		PALLSTATE SET 6t F SEX THE -	
0:26:43.793		ALLSTATE BEI 6t no DEL DEL - - - -	
0:27:02.028		SEARS ROEBUCK AND 	
0:27:02.112			SEARS ROEBUCK AND CO
0:27:03.028		SEARS ROEBUCK AND 	
0:27:13.028		WW2 60 MODE VTRNUMBER LENGTH SEARS CLIENT OR PROGRAM 274 NUMBER AGENCY RECORD DATE DIRECTOR NTAR-TV	
0:27:13.111			274 SEAPS CLIENT OR FROGRAM AGENCY DIRECTOR RECORD DATE
0:27:14.153		Z MMA 60 MODE VTRNUMBER LENGTH SEARS CLIENT OR PROGRAM 274 NUMBER AGENCY RECORD DATE DIRECTOR NTAR-TV	
0:27:15.027		WW2 60 MODE VTRNUMBER LENGTH SEARS CLIENT OR PROGRAM 274 NUMBER AGENCY RECORD DATE DIRECTOR WTAR-TV	
0:27:15.111			NUMBER DIRECTOR RECORD DATE
0:27:15.944			DIRECTOR RECORD DATE
0:27:16.153		WW 2 60 MODE VTRNUMBER LENGTH SEARS CLIENT OR PROGRAM 274 NUMBER AGENCY RECORD DATE DIRECTOR WTAR-TV	
0:27:17.027		WW2 60 MODE VTRNUMBER LENGTH SEARS CLIENT OR PROGRAM 274 NUMBER AGENCY RECORD DATE DIRECTOR WTAR-TV	
0:27:17.111			DIRECTOR RECORD DATE
0:27:17.943			160 DIRECTOR RECORD DATE
0:27:18.153		WW2 60 MODE VTR NUMBER LENGTH SEARS CLIENT OR PROGRAM 274 NUMBER AGENCY RECORD DATE DIRECTOR WTAR-TV	
0:27:19.027		WW2 60 MODE VTRNUMBER LENGTH SEARS CLIENT OR PROGRAM 274 NUMBER AGENCY RECORD DATE DIRECTOR WTAR-TV	
0:27:19.111			CLIENT OR FROGRAM
0:27:20.153		WW2 60 MODE VTRNUMBER LENGTH SEARS CLIENT OR PROGRAM 274 NUMBER AGENCY RECORD DATE DIRECTOR WTAR-TV	
0:27:21.027		ZWW2 60 MODE VTRNUMBER LENGTH SEARS CLIENT OR PROGRAM 274 NUMBER AGENCY RECORD DATE DIRECTOR WTAR-TV	
0:27:21.111			160
0:27:22.016		WW 2 60 MODE VTRNUMBER LENGTH SEARS CLIENT OR FROGRAM 274 NUMBER AGENCY RECORD DATE DIRECTOR W TAR-TV	
0:27:36.026		CAMFLASH 127 OUTFIT - - - - - - - - - - - 1 AMELASTE 22 a TETT - - - - - - - - - - - - - - - - - -	
0:27:36.110			CAMFLASH 127 OUTFIT OR
0:27:38.026		CAMFLASH 127 OUTFIT - - - - - - - - - - - 1 CAMPLASH 127 OUTFIT - - - - - - - - - - - - - - - - - - -	
0:27:39.026		Sears has it	
0:27:39.110			Sears has it
0:27:40.025		Sears has it	
0:27:43.025		sears has it	
0:27:47.025		SEARS has it 1	
0:27:47.109			SEARS IT
0:27:48.004		SEARS has it 1	
0:27:51.025		HAS IT SEARS	
0:27:51.109			SEARS
0:27:52.025		HAS IT SEARS	
0:27:55.066		SEARS HAS IT !!	
0:27:55.108			SEARS HAS
0:27:56.024		SEARS HAS IT !!	
0:27:59.275		HAS SEARS it	
0:28:00.108			SEARS HAS
0:28:00.315		HAS SEARS	
0:28:03.316		Sears has it!	
0:28:04.108			Sears has it!
0:28:04.315		Sears has it!	
0:28:08.108			Sears has it!
0:28:08.315		Sears has it!	
0:28:12.315		[SEARS HAS IT]!	
0:28:14.315		ISEARS HAS IT]!	
0:28:15.314		[SEARS HAS IT]!	
0:28:16.314		SEARS HAS II Sears	
0:28:17.314		O ears HAPPY&H	
0:28:18.314		HAPPY HOLIDAYS	
0:28:19.314		HAPPY HOLIDAYSE	
0:28:24.314		LAMENT TO LOVE	
0:28:26.314		LAMENT 10 LOVE	
0:28:38.313		S	
0:28:39.313		ice	
0:28:46.313		NO	
0:29:06.895		-  - - Bouno Appellation B - - - the -	
0:29:07.896		- - 1998 Bouno - Branch in Appellation . in - a - -	
0:29:08.895		PRODUCT -  - - 1998 TR Bonne - 1 A Beamst Appellation of - a -	
0:29:09.896		PRODUCT Past  - 190% 2300523 Boune  Beautiful Res and a Appellation ZE - - RUS a .	
0:29:10.894		SUC - - Bonno - Beams R. Appellation and - 5 - a -	
0:29:15.977		Store Boston	
0:29:16.104			Store
0:29:16.894		Store Boston	
0:29:19.895		00%LIs $	
0:29:19.936			17.00
0:29:20.895		$17.00	
0:29:21.894		00%LIs $	
0:29:25.977		Beston Store	
0:29:26.103			Beston
0:29:26.894		Beston Store	
0:29:27.977		Boston Store	
0:29:28.894		Beston Store	
0:29:30.893		Boston Store	
0:29:33.894		Beston Store	
0:29:34.893		Boston Store	
0:29:39.894		Beston Store	
0:29:40.893		Boston Store	
0:29:41.102			Beston
0:29:41.976		Beston Store	
0:29:42.893		Stor	
0:29:43.894		Store	
0:29:44.892		Bruton Store	
0:29:45.893		Boston Store	
0:29:47.976		SKY SHOP Stere	
0:29:48.102			SHOP
0:29:48.892		Ski SHOP Store	
0:29:49.893		Ski SHOP tore	
0:29:49.934			SKi
0:29:50.892		Ski SHOP	
0:29:51.975		19m Ski SHOP	
0:29:52.102			Ski
0:29:52.892		Tantasy fair Ski SHOP	
0:29:53.975		fantasy fair Ski	
0:29:54.892		LOOK fantasy fair	
0:29:55.975		fantasy fair	
0:29:57.975		4tn FLOOR fantasy tair	
0:29:58.101			FLOOR
0:29:58.892		4th FLOOR	
0:29:59.100			4 th
0:30:08.933		Secret Gift shop for children Only Beston Stere	
0:30:09.100			Secret Gift for Children Only
0:30:18.932		fantasy	
0:30:19.973		fantasy fair	
0:30:20.932		fantasy fair Boston	
0:30:21.973		Tair Boston	
0:30:22.931		fair Beston Boston Store Tere	
0:30:23.973		fair Boston Store	
0:30:24.931		fair Beston Store	
0:30:25.973		fair Boston Store	
0:30:26.931		Beston Stire	
0:30:43.910		california	
0:30:43.930			california
0:31:05.013		california	
0:31:07.012		PAY	
0:31:16.970			california
0:31:17.013		california	
0:31:27.928			CALIFORNIA
0:31:28.137		CALIFORNIA	
0:31:29.011		Beston Store	
0:31:30.137		Boston Store	
0:31:31.011		Beston Store	
0:31:32.137		Boston Store	
0:31:33.000		Beston Store	
0:32:00.884		MARTIELO	
0:32:02.884		NARROW BRIDGE	
0:32:03.093			NARROW BRIDGE
0:32:03.885		NARROW BRIDGE	
0:32:04.884		NARRO BRIDGE	
0:32:05.093			BRIDG
0:32:05.885		NA	
0:32:05.925			NA
0:33:32.879		RICH'S RCH :	
0:33:33.088			RICH'S
0:33:33.879		RICH'S PICH'S	
0:33:35.879		RICH'S	
0:33:52.877		are	
0:33:57.836		DECORATING MADE EASY SEARS - -	
0:33:57.919			SEARS MADE EASY
0:33:58.877		DECORATING MADE EASY SEARS I	
0:33:59.086			DECORATING
0:33:59.960		DECORATING MADE EASY SEARS I	
0:34:00.877		DECORATING MADE EASY	
0:34:12.876		Jr Name	
0:34:26.876		SEARS SEARS - - - - - -	
0:34:27.084			SEARS
0:34:28.084			RS
0:34:28.875		SPARS SEA	
0:34:30.874		- - - - Sears	
0:34:31.084			Sears
0:34:31.958		- - - - Sears I	
0:34:35.957		- - Sears	
0:34:36.084			Sears
0:34:36.874		SEARS ROEBUCK AND CO.	
0:34:37.083			ROEBUCK AND CO.
0:34:37.957		SEARS ROEBUCK AND CO.	
0:35:17.954		USA DIE - COUNDES PARK	
0:35:18.871		FRESH COUNTRY PARA	
0:35:26.871		108	
0:35:27.079			108
0:35:31.953		SEARS SEARS - - - - - -	
0:35:32.080			SEARS
0:35:32.849		SEARS SEARS - - - - - -	
0:35:34.871		- - - - Sears	
0:35:41.953		SEARS ROEBUCK AND CO.	
0:35:42.079			SEARS ROEBUCK AND CO.
0:35:42.869		SEARS ROEBUCK AND CO	
0:35:52.869		th ME	
0:35:53.952		AE	
0:35:55.952		Leye WICH ME"	
0:35:56.869		HUCH ME"	
0:35:57.952		CH ME"	
0:35:58.868		ALE	
0:35:58.993		EH ME KIA	
0:35:59.993		CH ME	
0:36:01.993		ICH ME"	
0:36:02.993		ICH MANE"	
0:36:33.033		SEARS SEAP - - - as	
0:36:33.991		SEARS is	
0:36:34.076			SEARS
0:36:34.991		SEARS - - e	
0:36:35.991		SEARS SEARS -	
0:36:38.075			Sears
0:36:42.991		SEARS ROEBUCK AND 	
0:36:43.075			SEARS ROEBUCK AND CO.
0:36:43.991		SEARS ROEBUCK AND CO.	
0:36:59.823		y , 48 w - 1 . .	
0:37:01.947		 , 2 we	
0:37:06.864		20996	
0:37:40.861		$ 158	
0:37:41.945		$ West 158	
0:37:42.861		$ 158	
0:37:46.861		2301 W.95TH HARLEM IRVING PLAZA HILLSIDE SHOPPING CENTER RANDHURST CENTER	
0:37:47.071			2301 W.95TH HARLEM IRVING PLAZA HILLSIDE SHOPPING CENTER RANDHURST CENTER
0:37:47.862		2301 W.95TH HARLEM IRVING PLAZA HILLSIDE SHOPPING CENTER RANDHURST CENTER	
0:37:51.944		RIONE	
0:37:52.861		am	
0:37:54.861		ROXBURY	
0:37:55.944		ROKBUR -	
0:38:01.985		VACA	
0:38:02.070			VACA
0:38:08.985		all	
0:38:12.985		SEARS SEARS First to Sears	
0:38:13.069			SEARS First to Sears
0:38:13.901			Then to school
0:38:14.110		Then to school	
0:38:23.984		CREDIT CARD SEARS SEARS, ROEBUCK AND CO. TED WILLIAMS 201 BROOKLINE AVENUE BOSTON 15, MASS. USE THIS CREDIT CARD IN ANY SEARS STORE ANYWHERE	
0:38:24.068			SEARS CREDIT CARD SEARS, ROEBUCK AND CO. TED WILLIAMS 201 BROOKLINE AVENUR BOSTON 15, MASS.
0:38:24.984		CREDIT CARD SEARS SEARS, ROEBUCK AND CO. TED WILLIAMS 201 BROOKLINE AVENUE BOSTON 15, MASS. USE THIS CREDIT CARD IN ANY SEARS STORE ANYWHERE	
0:38:25.984		CREDIT CARD SEARS SEARS, ROEBUCK AND CO. TED WILLIAMS 201 BROOKLINE AVENUE BOSTON 15, MASS. USE THISTCREDIT CARD IN ANY SEARS STORE ANYWHERE	
0:38:27.067		SEARS SEARS	
0:38:30.983		First to Sears	
0:38:31.067			First to Sears
0:38:31.983		E A R S S - - Stand - -	
0:38:32.068			SEARS
0:38:37.962		PAR	
0:38:38.962		MERCE EVO DEAT PM	
0:38:40.109		CEC First to Sears	
0:38:40.952		CEC - First to Sears	
0:38:41.899			Then to school
0:38:42.024		Then to school	
0:38:42.982		FAMILY - BOS Shop at Sears FIPS and save	
0:38:43.066			Shop at Sears and save
0:38:43.899			SEARS Satisfaction guaranteed or your money back
0:38:44.108		SEARS SEARS Satisfaction guaranteed or your money back	
0:38:51.982		R	
0:38:52.982		RICH'S the on	
0:38:53.038			RICH'S
0:38:53.982		RICH'S	
0:38:56.982		S	
0:39:13.897		$ 0 to	
0:39:15.939		RICH'S	
0:39:16.002			RICH'S
0:39:16.856		RICL'S	
0:39:17.897		RIC and BY be	
0:39:25.938		RICH'S	
0:39:26.064			RICH'S
0:39:26.855		RICH'S	
0:39:27.938		RICH' 'S	
0:39:28.841		RICH'S	
0:39:40.854		II	
0:39:41.937		RICH'S	
0:39:42.063			RICH'S
0:39:42.854		RICH'S	
0:40:48.103		THE BEST DRESSED MEN Shop Haggerty & Forbes	
0:40:48.935			THE BEST DRESSED MEN Shop Haggerty & Forbes
0:40:48.977		THE BEST DRESSED MEN Shop Haggerty & Forbes	
0:40:50.061			THE BEST DRESSED MEN Shop Haggerty & Forbes
0:40:50.977		THE BEST DRESSED MEN Shop Haggerty & Forbes	
0:41:03.934		KINNEY SHOES : I DUDAYS	
0:41:04.851		KINNEY SHOES INNER I FOR THE FRIDAYS	
0:41:05.060			KINNEY
0:41:05.934		MERICA'S SHOE VALUEF	
0:41:13.851		Princes ORIGINALS by KINNEY	
0:41:14.850		Prince ORIGINALS by KINNEY	
0:41:22.850		from $ 1 99	
0:41:25.058			from
0:41:25.933		from $ 1 99	
0:41:27.849		from $ 299	
0:41:28.850		from $ $299	
0:41:29.058			from
0:41:29.932		from $ 299	
0:41:30.891		$ 2 99 rom	
0:41:30.975			99
0:41:39.932		KINNEY SHOES	
0:41:40.058			KINNEY SHOES
0:41:40.828		KINNEY SHOES	
0:41:43.849		KINNEY SHOE	
0:41:44.818		KINNEY Shoes	
0:41:45.057			KINNEY
0:41:45.932		KINNEY Shoes	
0:42:10.263		Jifso Wingo F3094	
0:42:11.264		Wilson - are F3094	
0:42:11.889			F3094
0:42:12.263		Wilson was F3094	
0:42:13.263		- SOS can F3094	
0:42:22.263		R	
0:42:24.263		R 201 - -	
0:42:30.262		UNIVERSITY any I I KIESCH democracy	
0:42:34.262		DANTE	
0:42:35.262		DIANTE	
0:42:36.262		DALE	
0:42:37.262		DANTE	
0:42:41.887			Bulloc
0:42:42.261		Bullock's	
0:42:43.054			Bullock's
0:42:43.261		Bullock's	
0:42:49.886			Bullock's
0:42:50.261		Bullocks Downdor	
0:42:51.261		Bullock's Downtown	
0:42:51.886			Pasadena
0:42:52.261		Bullock's Pasadena	
0:42:53.054			Westwood
0:42:53.261		Bullocks Westwood	
0:42:53.886			Santa Ana
0:42:54.261		Bullock's Santa Ana	
0:42:55.053			Pasadena Bullocks
0:42:55.260		Downtown Pasadena Bullocks Santa. Ana Westwood	
0:42:56.233		Pasadena Downtown Bullock's Santa Ana Westwood	
0:42:58.261		Harveys	
0:43:17.884		Harveys is	
0:43:17.968			is
0:43:18.843		Harveys is NASHVILLE'S VERY OWN	
0:43:19.052			is NASHVILLE'S VERY OWN
0:43:19.844		Harveys is NASHVILLE'S VERY OWN	
0:43:21.843		IT'S BORN Y so SMALL	
0:43:21.884			BORN SMALL
0:43:22.842		IT'S BORN Y so SMALL	
0:43:23.052			IT'S
0:43:23.843		HOW IT'S GROWN BORN so	
0:43:23.884			HOW IT'S GROWN
0:43:24.842		HOW IT'S GROWN	
0:43:25.843		EVERYONE likes IT MORE...	
0:43:25.884			EVERYONE LIKES IT MORE ...
0:43:26.842		EVERYONE likes IT AND MORE... MORE	
0:43:27.052			AND MORE
0:43:27.925		EVERY likes AND MORE MORE	
0:43:28.052			EVERY LIKES MOR
0:43:28.883		Harveys IS THE PEOPLE'S STORE	
0:43:29.051			IS THE PEOPLE'S STORE
0:43:29.925		Harveys IS THE PEOPLE'S STORE	
0:43:31.925		Haweys IS THE PEOPLE'S STORE	
0:43:32.843		anneys STORE	
0:43:33.925		Ha IS THE PEOP	
0:43:34.842		Harveys IS THE PEOPLE'S STORE	
0:43:35.050			IS THE PEOPLE'S STORE
0:43:35.842		Harveys IS THE PEOPLE'S STORE	
0:43:38.841		ESCALATORS	
0:43:39.051			ESCALATORS
0:43:39.842		M ESCALATORS	
0:43:41.842		MONKEY BAR	
0:43:41.883			MONKEY BAR
0:43:42.841		MONKEY BAR	
0:43:43.050			MONKEY BAR
0:43:43.842		MONKEY BAR	
0:43:44.820		M n MONKEY BAR	
0:43:45.842		MONKEY BAR	
0:43:49.841		FUN MIRRORES	
0:43:50.841		FUN MIRROReS	
0:43:55.841		GO. GO!	
0:43:55.924			GO!
0:43:56.840		Harveys has it	
0:43:57.050			has it
0:43:57.923		Harveys has it	
0:44:03.923		Pegues	
0:44:26.839		HIRSCH'S Established 1863	
0:44:27.047			HIRSCH'S Established 1863
0:44:30.838		2 PANTS SUITS	
0:44:31.047			2 PANTS SUITS
0:44:31.921		2 PANTS SUITS	
0:44:35.921		CUSHIONAIRE SHOES	
0:44:36.047			CUSHIONAIRE SHOES
0:44:36.838		CUSHIONAIRE SHOES	
0:44:42.838		CHARGE IT	
0:44:42.921			CHARGE IT
0:44:43.921		HIRSCH'S	
0:44:43.953			HIRSCH'S
0:44:44.838		HIRSCH'S	
0:44:45.838		CHARGE IT AT HIRSCH'S	
0:44:45.879			IT CHARGE AT
0:44:46.837		CHARGE IT AT HIRSCH'S	
0:44:48.837		Gelle Movement I I adidas REN -  Variety Clubs Interentioned I 8 1 I I - I i f y Los I I	
0:44:49.920		I 1 I Variety Can I with	
0:44:50.816		JUST SAY "CHARGE IT"	
0:44:51.046			JUST SAY "CHARGE IT"
0:44:51.920		JUST SAY "CHARGE IT"	
0:44:54.920		HIRSCH'S	
0:44:55.046			HIRSCH'S
0:44:55.920		NO INTEREST	
0:44:56.046			NO INTEREST
0:44:56.836		NO INTEREST	
0:44:57.920		NO CARRYING CHARGE	
0:44:58.046			CHARGE CARRYING
0:44:58.836		NO CARRYING CHARGE	
0:45:01.919		3 MONTHS	
0:45:02.046			3 MONTHS
0:45:02.836		3 MONTHS TO PAY	
0:45:03.045			3 MONTHS TO PAY
0:45:03.837		3 MONTHS TO PAY	
0:45:05.919		HIRSCH'S	
0:45:06.045			HIRSCH'S
0:45:06.878		HIRSCH'S	
0:45:10.919		CUSHIONAIRE SHOES	
0:45:11.045			CUSHIONAIRE SHOES
0:45:11.919		CUSHIONAIRE SHOES	
0:45:13.919		2 PANTS SUITS	
0:45:14.045			2 PANTS SUITS
0:45:14.835		2 PANTS SUITS	
0:45:15.918		HIRSCH'S Established 1863	
0:45:16.045			HIRSCH'S Established 1863
0:45:16.835		HIRSCH'S Established 1863	
0:45:24.835		CHARGE IT AT HIRSCH'S	
0:45:25.043			IT HIRSCH'S CHARGE AT
0:45:25.918		CHARGE IT AT HIRSCH'S	
0:45:28.835		Hanveys	
0:45:30.834		Harveys	
0:45:48.834		NA Harveys is	
0:45:48.973			NA is
0:45:49.834		Harveys is NASHVILLE'S VERY OWN	
0:45:49.875			NASHVILLE'S VERY OWN
0:45:50.833		Harveys is NASHVILLE'S VERY OWN	
0:45:52.833		IT'S BORN so SMALL	
0:45:53.042			BORN SMALL
0:45:53.834		HOW IT'S BORN WN SO SMALL	
0:45:54.833		HOW IT'S GROWN BORN	
0:45:55.042			HOW IT'S GROWN
0:45:55.834		HOW IT'S GROWN	
0:45:56.833		EVERYONE likes IT MORE...	
0:45:57.042			EVERYONE LIKES IT MORE ...
0:45:57.916		EVERYONE LIKES IT AND MORE... MORE	
0:45:58.042			AND MORE
0:45:58.832		EVERY LIKES MORE AND MORE	
0:45:59.042			LIK
0:45:59.624		Harveys IS THE PEOPLE'S STORE	
0:46:00.042			IS THE PEOPLE'S STORE
0:46:00.625		Harveys IS THE PEOPLE'S STORE	
0:46:02.624		Haweys IS THE PEOPLE'S STORE	
0:46:03.624		RYS s STORE	
0:46:04.665		H IS THE PE	
0:46:05.665		Harveys IS THE PEOPLE'S STORE	
0:46:06.042			IS THE PEOPLE'S STORE
0:46:06.624		Harveys IS THE PEOPLE'S STORE	
0:46:09.645		ESCALATORS	
0:46:09.874			ESCALATORS
0:46:10.665		H in ESCALATORS	
0:46:12.679		MONKEY BAR	
0:46:13.027			MONKEY BAR
0:46:13.645		MONKEY BAR	
0:46:15.645		DI in MONKEY BAR	
0:46:16.665		MONKEY BAR	
0:46:20.664		FUN MIRROReS	
0:46:21.644		FUN MIRRORes	
0:46:25.872			GO!
0:46:26.664		GO! GO!	
0:46:27.644		Harveys has it	
0:46:27.872			has it
0:46:28.664		Harveys has it	
0:46:39.039			STOP
0:46:39.663		Look	
0:46:40.664		LiSTEN	
0:46:43.663		123456 7891111313 14151617181920 212 232-2567 28)33	
0:46:44.039			123456
0:46:44.663		123456 78910111813 14151617181920 2122 232-5667 28)83	
0:46:45.664		th	
0:46:46.663		th ANNIVERSAR	
0:46:47.038			th NNIVERSAR
0:46:47.663		RSAR SaLE	
0:46:48.643		R SaLE	
0:46:49.663		LOWEST PRICES	
0:46:51.663		Q	
0:46:51.976			GO
0:46:52.663		MAY AT PALE7STORES	
0:46:53.642		MAY AT ALL 7STORES	
0:46:55.642		MAY AT ALL 7510RES	
0:46:56.663		MAY AT ALL E7STORES	
0:46:57.642		MAY AT ALL 7STORES	
